{"left_mean": 0.25197031382033064, "right_mean": 0.7404488029966844, "lane_width": 0.003461133592709133, "curvature": 0.0026969710235217733, "y_spread": 0.0014227785667540302}